{
  "set-theory-domain/tree-euler": {
    "totalSeconds": 0.175693459,
    "seconds": {
      "compiling": 0.085227709,
      "optimizing": 0.045562125,
      "rendering": 0.025318791
    }
  },
  "group-theory/quaternion-multiplication-table": {
    "totalSeconds": 0.359188333,
    "seconds": {
      "compiling": 0.197928,
      "optimizing": 0.007916416,
      "rendering": 0.145317667
    }
  },
  "walk-on-spheres/SignedAngleOutside": {
    "totalSeconds": 0.266669917,
    "seconds": {
      "compiling": 0.2119995,
      "optimizing": 0.0060775,
      "rendering": 0.02736225
    }
  },
  "spectral-graphs/examples/hypercube": {
    "totalSeconds": 0.191213834,
    "seconds": {
      "compiling": 0.11359475,
      "optimizing": 0.04990725,
      "rendering": 0.020296333
    }
  },
  "group-theory/quaternion-cayley-graph": {
    "totalSeconds": 0.120566375,
    "seconds": {
      "compiling": 0.088567042,
      "optimizing": 0.011653833,
      "rendering": 0.015055583
    }
  },
  "set-theory-domain/tree-euler-3d": {
    "totalSeconds": 0.137212459,
    "seconds": {
      "compiling": 0.042916375,
      "optimizing": 0.0275415,
      "rendering": 0.0628575
    }
  },
  "atoms-and-bonds/one-water-molecule": {
    "totalSeconds": 0.032831,
    "seconds": {
      "compiling": 0.019492042,
      "optimizing": 0.002280833,
      "rendering": 0.004136
    }
  },
  "walk-on-spheres/walk-on-stars": {
    "totalSeconds": 0.507137792,
    "seconds": {
      "compiling": 0.263586375,
      "optimizing": 0.065857833,
      "rendering": 0.1629315
    }
  },
  "set-theory-domain/continuousmap": {
    "totalSeconds": 0.056605583,
    "seconds": {
      "compiling": 0.033119167,
      "optimizing": 0.009558583,
      "rendering": 0.007456208
    }
  },
  "mobius/mobius": {
    "totalSeconds": 0.107526333,
    "seconds": {
      "compiling": 0.036641083,
      "optimizing": 0.033434959,
      "rendering": 0.024125
    }
  },
  "linear-algebra-domain/two-vectors-perp": {
    "totalSeconds": 0.050522959,
    "seconds": {
      "compiling": 0.03380375,
      "optimizing": 0.003500667,
      "rendering": 0.005238458
    }
  },
  "tutorials/tutorial1": {
    "totalSeconds": 0.014554666,
    "seconds": {
      "compiling": 0.005064333,
      "optimizing": 0.000223042,
      "rendering": 0.000674791
    }
  },
  "tutorials/tutorial2": {
    "totalSeconds": 0.009071667,
    "seconds": {
      "compiling": 0.004211125,
      "optimizing": 0.000085,
      "rendering": 0.000544167
    }
  },
  "tutorials/tutorial3": {
    "totalSeconds": 0.021640458,
    "seconds": {
      "compiling": 0.012594209,
      "optimizing": 0.00022075,
      "rendering": 0.002514208
    }
  },
  "array-models/insertionSort": {
    "totalSeconds": 0.297541417,
    "seconds": {
      "compiling": 0.193650958,
      "optimizing": 0.016453292,
      "rendering": 0.078106958
    }
  },
  "exterior-algebra/vector-wedge": {
    "totalSeconds": 0.045955666,
    "seconds": {
      "compiling": 0.030280917,
      "optimizing": 0.0029845,
      "rendering": 0.005623375
    }
  },
  "shape-spec/arrowheads": {
    "totalSeconds": 0.041167459,
    "seconds": {
      "compiling": 0.021811541,
      "optimizing": 0.001701834,
      "rendering": 0.010985375
    }
  },
  "spectral-graphs/examples/hexagonal-lattice": {
    "totalSeconds": 1.570726,
    "seconds": {
      "compiling": 1.196620791,
      "optimizing": 0.290156042,
      "rendering": 0.078560708
    }
  },
  "spectral-graphs/examples/star-graph": {
    "totalSeconds": 1.715673916,
    "seconds": {
      "compiling": 1.589593667,
      "optimizing": 0.071494458,
      "rendering": 0.048171792
    }
  },
  "spectral-graphs/examples/box": {
    "totalSeconds": 1.112370833,
    "seconds": {
      "compiling": 1.002994792,
      "optimizing": 0.061257291,
      "rendering": 0.042447542
    }
  }
}
